{"cameraMode":{"drawMode":2,"name":"Shaded Wireframe","section":"Shading Mode"},"sceneLighting":true,"audioPlay":false,"sceneViewState":{"showFog":true,"showMaterialUpdate":true,"showSkybox":true,"showFlares":true,"showImageEffects":true,"showParticleSystems":true},"in2DMode":false,"pivot":{"x":-78.4232406616211,"y":-46.65736389160156,"z":1209.8216552734375},"rotation":{"x":-0.15538375079631806,"y":0.14817441999912263,"z":-0.023579081520438196,"w":-0.9764499664306641},"size":2300.78466796875,"orthographic":false}