{"cameraMode":{"drawMode":2,"name":"Shaded Wireframe","section":"Shading Mode"},"sceneLighting":true,"audioPlay":false,"sceneViewState":{"showFog":true,"showMaterialUpdate":true,"showSkybox":true,"showFlares":true,"showImageEffects":true,"showParticleSystems":true},"in2DMode":false,"pivot":{"x":-78.4232406616211,"y":-46.65736389160156,"z":1209.8216552734375},"rotation":{"x":-0.03176671266555786,"y":0.04855799674987793,"z":-0.0015483970055356622,"w":-0.9983680248260498},"size":996.93408203125,"orthographic":false}