{"cameraMode":{"drawMode":2,"name":"Shaded Wireframe","section":"Shading Mode"},"sceneLighting":true,"audioPlay":false,"sceneViewState":{"showFog":true,"showMaterialUpdate":true,"showSkybox":true,"showFlares":true,"showImageEffects":true,"showParticleSystems":true},"in2DMode":false,"pivot":{"x":130.2618408203125,"y":157.93072509765626,"z":2369.6728515625},"rotation":{"x":-0.2700982093811035,"y":0.5887496471405029,"z":-0.21778082847595216,"w":-0.730138897895813},"size":1349.9083251953125,"orthographic":false}