{"cameraMode":{"drawMode":2,"name":"Shaded Wireframe","section":"Shading Mode"},"sceneLighting":true,"audioPlay":false,"sceneViewState":{"showFog":true,"showMaterialUpdate":true,"showSkybox":true,"showFlares":true,"showImageEffects":true,"showParticleSystems":true},"in2DMode":false,"pivot":{"x":-378.66436767578127,"y":-505.5775146484375,"z":1924.67333984375},"rotation":{"x":-0.20636558532714845,"y":0.14818759262561799,"z":-0.031611282378435138,"w":-0.9667293429374695},"size":1624.7420654296875,"orthographic":false}