{"cameraMode":{"drawMode":2,"name":"Shaded Wireframe","section":"Shading Mode"},"sceneLighting":true,"audioPlay":false,"sceneViewState":{"showFog":true,"showMaterialUpdate":true,"showSkybox":true,"showFlares":true,"showImageEffects":true,"showParticleSystems":true},"in2DMode":false,"pivot":{"x":-650.22216796875,"y":1786.703857421875,"z":7014.732421875},"rotation":{"x":-0.11746787279844284,"y":0.35839128494262698,"z":-0.04552531614899635,"w":-0.9251072406768799},"size":3123.342041015625,"orthographic":false}